-- MySQL dump 10.13  Distrib 5.6.28, for Win64 (x86_64)
--
-- Host: localhost    Database: homerecipes
-- ------------------------------------------------------
-- Server version	5.6.28-log

/*!40101 SET @OLD_CHARACTER_SET_CLIENT=@@CHARACTER_SET_CLIENT */;
/*!40101 SET @OLD_CHARACTER_SET_RESULTS=@@CHARACTER_SET_RESULTS */;
/*!40101 SET @OLD_COLLATION_CONNECTION=@@COLLATION_CONNECTION */;
/*!40101 SET NAMES utf8 */;
/*!40103 SET @OLD_TIME_ZONE=@@TIME_ZONE */;
/*!40103 SET TIME_ZONE='+00:00' */;
/*!40014 SET @OLD_UNIQUE_CHECKS=@@UNIQUE_CHECKS, UNIQUE_CHECKS=0 */;
/*!40014 SET @OLD_FOREIGN_KEY_CHECKS=@@FOREIGN_KEY_CHECKS, FOREIGN_KEY_CHECKS=0 */;
/*!40101 SET @OLD_SQL_MODE=@@SQL_MODE, SQL_MODE='NO_AUTO_VALUE_ON_ZERO' */;
/*!40111 SET @OLD_SQL_NOTES=@@SQL_NOTES, SQL_NOTES=0 */;

--
-- Table structure for table `databasechangelog`
--

DROP TABLE IF EXISTS `databasechangelog`;
/*!40101 SET @saved_cs_client     = @@character_set_client */;
/*!40101 SET character_set_client = utf8 */;
CREATE TABLE `databasechangelog` (
  `ID` varchar(255) NOT NULL,
  `AUTHOR` varchar(255) NOT NULL,
  `FILENAME` varchar(255) NOT NULL,
  `DATEEXECUTED` datetime NOT NULL,
  `ORDEREXECUTED` int(11) NOT NULL,
  `EXECTYPE` varchar(10) NOT NULL,
  `MD5SUM` varchar(35) DEFAULT NULL,
  `DESCRIPTION` varchar(255) DEFAULT NULL,
  `COMMENTS` varchar(255) DEFAULT NULL,
  `TAG` varchar(255) DEFAULT NULL,
  `LIQUIBASE` varchar(20) DEFAULT NULL,
  `CONTEXTS` varchar(255) DEFAULT NULL,
  `LABELS` varchar(255) DEFAULT NULL
) ENGINE=InnoDB;
/*!40101 SET character_set_client = @saved_cs_client */;

--
-- Dumping data for table `databasechangelog`
--

LOCK TABLES `databasechangelog` WRITE;
/*!40000 ALTER TABLE `databasechangelog` DISABLE KEYS */;
INSERT INTO `databasechangelog` VALUES ('00000000000001','jhipster','classpath:config/liquibase/changelog/00000000000000_initial_schema.xml','2016-08-01 23:30:16',1,'EXECUTED','7:088448cd8ce4f9b9b9211b5e698272c3','createTable, createIndex (x2), createTable (x2), addPrimaryKey, createTable, addForeignKeyConstraint (x3), loadData, dropDefaultValue, loadData (x2), createTable (x2), addPrimaryKey, createIndex (x2), addForeignKeyConstraint','',NULL,'3.4.2',NULL,NULL),('20160801052829-1','jhipster','classpath:config/liquibase/changelog/20160801052829_added_entity_WineTasting.xml','2016-08-01 23:30:16',2,'EXECUTED','7:5c49c7017d82f45bbd76a0b7aa69ace1','createTable, dropDefaultValue','',NULL,'3.4.2',NULL,NULL),('20160801053116-1','jhipster','classpath:config/liquibase/changelog/20160801053116_added_entity_Recipe.xml','2016-08-01 23:30:16',3,'EXECUTED','7:b944fcac6dc574303169cc0a96d4d3c9','createTable','',NULL,'3.4.2',NULL,NULL),('20160801053117-1','jhipster','classpath:config/liquibase/changelog/20160801053117_added_entity_Wine.xml','2016-08-01 23:30:16',4,'EXECUTED','7:dcb496e4b32795a2bfafa7030fa737d8','createTable','',NULL,'3.4.2',NULL,NULL),('20160801052829-2','jhipster','classpath:config/liquibase/changelog/20160801052829_added_entity_constraints_WineTasting.xml','2016-08-01 23:30:16',5,'EXECUTED','7:28a3a4a182c2129afc22d7ac4774a9ad','addForeignKeyConstraint','',NULL,'3.4.2',NULL,NULL),('20160801053130','arnaud','classpath:config/liquibase/changelog/20160801053130_update_entity_Recipe.xml','2016-08-02 23:13:12',6,'EXECUTED','7:408cc6c98f76c2b8939267f2d6b1a4e7','addColumn (x3)','',NULL,'3.4.2',NULL,NULL);
/*!40000 ALTER TABLE `databasechangelog` ENABLE KEYS */;
UNLOCK TABLES;

--
-- Table structure for table `databasechangeloglock`
--

DROP TABLE IF EXISTS `databasechangeloglock`;
/*!40101 SET @saved_cs_client     = @@character_set_client */;
/*!40101 SET character_set_client = utf8 */;
CREATE TABLE `databasechangeloglock` (
  `ID` int(11) NOT NULL,
  `LOCKED` bit(1) NOT NULL,
  `LOCKGRANTED` datetime DEFAULT NULL,
  `LOCKEDBY` varchar(255) DEFAULT NULL,
  PRIMARY KEY (`ID`)
) ENGINE=InnoDB;
/*!40101 SET character_set_client = @saved_cs_client */;

--
-- Dumping data for table `databasechangeloglock`
--

LOCK TABLES `databasechangeloglock` WRITE;
/*!40000 ALTER TABLE `databasechangeloglock` DISABLE KEYS */;
INSERT INTO `databasechangeloglock` VALUES (1,'\0',NULL,NULL);
/*!40000 ALTER TABLE `databasechangeloglock` ENABLE KEYS */;
UNLOCK TABLES;

--
-- Table structure for table `jhi_authority`
--

DROP TABLE IF EXISTS `jhi_authority`;
/*!40101 SET @saved_cs_client     = @@character_set_client */;
/*!40101 SET character_set_client = utf8 */;
CREATE TABLE `jhi_authority` (
  `name` varchar(50) NOT NULL,
  PRIMARY KEY (`name`)
) ENGINE=InnoDB;
/*!40101 SET character_set_client = @saved_cs_client */;

--
-- Dumping data for table `jhi_authority`
--

LOCK TABLES `jhi_authority` WRITE;
/*!40000 ALTER TABLE `jhi_authority` DISABLE KEYS */;
INSERT INTO `jhi_authority` VALUES ('ROLE_ADMIN'),('ROLE_USER');
/*!40000 ALTER TABLE `jhi_authority` ENABLE KEYS */;
UNLOCK TABLES;

--
-- Table structure for table `jhi_persistent_audit_event`
--

DROP TABLE IF EXISTS `jhi_persistent_audit_event`;
/*!40101 SET @saved_cs_client     = @@character_set_client */;
/*!40101 SET character_set_client = utf8 */;
CREATE TABLE `jhi_persistent_audit_event` (
  `event_id` bigint(20) NOT NULL AUTO_INCREMENT,
  `principal` varchar(255) NOT NULL,
  `event_date` timestamp NULL DEFAULT NULL,
  `event_type` varchar(255) DEFAULT NULL,
  PRIMARY KEY (`event_id`),
  KEY `idx_persistent_audit_event` (`principal`,`event_date`)
) ENGINE=InnoDB AUTO_INCREMENT=3;
/*!40101 SET character_set_client = @saved_cs_client */;

--
-- Dumping data for table `jhi_persistent_audit_event`
--

LOCK TABLES `jhi_persistent_audit_event` WRITE;
/*!40000 ALTER TABLE `jhi_persistent_audit_event` DISABLE KEYS */;
INSERT INTO `jhi_persistent_audit_event` VALUES (1,'admin','2016-08-01 21:31:06','AUTHENTICATION_SUCCESS'),(2,'admin','2016-08-02 21:11:01','AUTHENTICATION_SUCCESS');
/*!40000 ALTER TABLE `jhi_persistent_audit_event` ENABLE KEYS */;
UNLOCK TABLES;

--
-- Table structure for table `jhi_persistent_audit_evt_data`
--

DROP TABLE IF EXISTS `jhi_persistent_audit_evt_data`;
/*!40101 SET @saved_cs_client     = @@character_set_client */;
/*!40101 SET character_set_client = utf8 */;
CREATE TABLE `jhi_persistent_audit_evt_data` (
  `event_id` bigint(20) NOT NULL,
  `name` varchar(255) NOT NULL,
  `value` varchar(255) DEFAULT NULL,
  PRIMARY KEY (`event_id`,`name`),
  KEY `idx_persistent_audit_evt_data` (`event_id`),
  CONSTRAINT `fk_evt_pers_audit_evt_data` FOREIGN KEY (`event_id`) REFERENCES `jhi_persistent_audit_event` (`event_id`)
) ENGINE=InnoDB;
/*!40101 SET character_set_client = @saved_cs_client */;

--
-- Dumping data for table `jhi_persistent_audit_evt_data`
--

LOCK TABLES `jhi_persistent_audit_evt_data` WRITE;
/*!40000 ALTER TABLE `jhi_persistent_audit_evt_data` DISABLE KEYS */;
INSERT INTO `jhi_persistent_audit_evt_data` VALUES (1,'remoteAddress','0:0:0:0:0:0:0:1'),(1,'sessionId','C7A061C7744F3E9EF5DBCB8E4114FAD7'),(2,'remoteAddress','127.0.0.1'),(2,'sessionId','F448A091742C43E10E64745C8F396F3E');
/*!40000 ALTER TABLE `jhi_persistent_audit_evt_data` ENABLE KEYS */;
UNLOCK TABLES;

--
-- Table structure for table `jhi_persistent_token`
--

DROP TABLE IF EXISTS `jhi_persistent_token`;
/*!40101 SET @saved_cs_client     = @@character_set_client */;
/*!40101 SET character_set_client = utf8 */;
CREATE TABLE `jhi_persistent_token` (
  `series` varchar(255) NOT NULL,
  `user_id` bigint(20) DEFAULT NULL,
  `token_value` varchar(255) NOT NULL,
  `token_date` date DEFAULT NULL,
  `ip_address` varchar(39) DEFAULT NULL,
  `user_agent` varchar(255) DEFAULT NULL,
  PRIMARY KEY (`series`),
  KEY `fk_user_persistent_token` (`user_id`),
  CONSTRAINT `fk_user_persistent_token` FOREIGN KEY (`user_id`) REFERENCES `jhi_user` (`id`)
) ENGINE=InnoDB;
/*!40101 SET character_set_client = @saved_cs_client */;

--
-- Dumping data for table `jhi_persistent_token`
--

LOCK TABLES `jhi_persistent_token` WRITE;
/*!40000 ALTER TABLE `jhi_persistent_token` DISABLE KEYS */;
INSERT INTO `jhi_persistent_token` VALUES ('9jhzxFz5fg+R99KAHUr5AQ==',3,'T5yyLrgxiDUiIB9A1X5emg==','2016-08-02','127.0.0.1','Mozilla/5.0 (Windows NT 6.1; WOW64) AppleWebKit/537.36 (KHTML, like Gecko) Chrome/51.0.2704.103 Safari/537.36');
/*!40000 ALTER TABLE `jhi_persistent_token` ENABLE KEYS */;
UNLOCK TABLES;

--
-- Table structure for table `jhi_user`
--

DROP TABLE IF EXISTS `jhi_user`;
/*!40101 SET @saved_cs_client     = @@character_set_client */;
/*!40101 SET character_set_client = utf8 */;
CREATE TABLE `jhi_user` (
  `id` bigint(20) NOT NULL AUTO_INCREMENT,
  `login` varchar(50) NOT NULL,
  `password_hash` varchar(60) DEFAULT NULL,
  `first_name` varchar(50) DEFAULT NULL,
  `last_name` varchar(50) DEFAULT NULL,
  `email` varchar(100) DEFAULT NULL,
  `activated` bit(1) NOT NULL,
  `lang_key` varchar(5) DEFAULT NULL,
  `activation_key` varchar(20) DEFAULT NULL,
  `reset_key` varchar(20) DEFAULT NULL,
  `created_by` varchar(50) NOT NULL,
  `created_date` timestamp NOT NULL,
  `reset_date` timestamp NULL DEFAULT NULL,
  `last_modified_by` varchar(50) DEFAULT NULL,
  `last_modified_date` timestamp NULL DEFAULT CURRENT_TIMESTAMP,
  PRIMARY KEY (`id`),
  UNIQUE KEY `login` (`login`),
  UNIQUE KEY `idx_user_login` (`login`),
  UNIQUE KEY `email` (`email`),
  UNIQUE KEY `idx_user_email` (`email`)
) ENGINE=InnoDB AUTO_INCREMENT=5;
/*!40101 SET character_set_client = @saved_cs_client */;

--
-- Dumping data for table `jhi_user`
--

LOCK TABLES `jhi_user` WRITE;
/*!40000 ALTER TABLE `jhi_user` DISABLE KEYS */;
INSERT INTO `jhi_user` VALUES (1,'system','$2a$10$mE.qmcV0mFU5NcKh73TZx.z4ueI/.bDWbj0T1BYyqP481kGGarKLG','System','System','system@localhost','','en',NULL,NULL,'system','2016-08-01 21:30:16',NULL,'system','2016-08-01 21:30:16'),(2,'anonymoususer','$2a$10$j8S5d7Sr7.8VTOYNviDPOeWX8KcYILUVJBsYV83Y5NtECayypx9lO','Anonymous','User','anonymous@localhost','','en',NULL,NULL,'system','2016-08-01 21:30:16',NULL,'system','2016-08-01 21:30:16'),(3,'admin','$2a$10$gSAhZrxMllrbgj/kkK9UceBPpChGWJA7SYIb1Mqo.n5aNLq1/oRrC','Administrator','Administrator','admin@localhost','','en',NULL,NULL,'system','2016-08-01 21:30:16',NULL,'system','2016-08-01 21:30:16'),(4,'user','$2a$10$VEjxo0jq2YG9Rbk2HmX9S.k1uZBGYUHdUcid3g/vfiEl7lwWgOH/K','User','User','user@localhost','','en',NULL,NULL,'system','2016-08-01 21:30:16',NULL,'system','2016-08-01 21:30:16');
/*!40000 ALTER TABLE `jhi_user` ENABLE KEYS */;
UNLOCK TABLES;

--
-- Table structure for table `jhi_user_authority`
--

DROP TABLE IF EXISTS `jhi_user_authority`;
/*!40101 SET @saved_cs_client     = @@character_set_client */;
/*!40101 SET character_set_client = utf8 */;
CREATE TABLE `jhi_user_authority` (
  `user_id` bigint(20) NOT NULL,
  `authority_name` varchar(50) NOT NULL,
  PRIMARY KEY (`user_id`,`authority_name`),
  KEY `fk_authority_name` (`authority_name`),
  CONSTRAINT `fk_authority_name` FOREIGN KEY (`authority_name`) REFERENCES `jhi_authority` (`name`),
  CONSTRAINT `fk_user_id` FOREIGN KEY (`user_id`) REFERENCES `jhi_user` (`id`)
) ENGINE=InnoDB;
/*!40101 SET character_set_client = @saved_cs_client */;

--
-- Dumping data for table `jhi_user_authority`
--

LOCK TABLES `jhi_user_authority` WRITE;
/*!40000 ALTER TABLE `jhi_user_authority` DISABLE KEYS */;
INSERT INTO `jhi_user_authority` VALUES (1,'ROLE_ADMIN'),(3,'ROLE_ADMIN'),(1,'ROLE_USER'),(3,'ROLE_USER'),(4,'ROLE_USER');
/*!40000 ALTER TABLE `jhi_user_authority` ENABLE KEYS */;
UNLOCK TABLES;

--
-- Table structure for table `recipe`
--

DROP TABLE IF EXISTS `recipe`;
/*!40101 SET @saved_cs_client     = @@character_set_client */;
/*!40101 SET character_set_client = utf8 */;
CREATE TABLE `recipe` (
  `id` bigint(20) NOT NULL AUTO_INCREMENT,
  `name` varchar(255) NOT NULL,
  `comment` varchar(255) DEFAULT NULL,
  `link` varchar(255) DEFAULT NULL,
  `ingredients` varchar(255) DEFAULT NULL,
  `type_of_recipe` varchar(255) DEFAULT NULL,
  `image` longblob,
  `image_content_type` varchar(255) DEFAULT NULL,
  `note` int(11) DEFAULT NULL,
  `duration` int(11) DEFAULT NULL,
  `complexity` int(11) DEFAULT NULL,
  `persons` int(11) DEFAULT NULL,
  PRIMARY KEY (`id`)
) ENGINE=InnoDB AUTO_INCREMENT=3;
/*!40101 SET character_set_client = @saved_cs_client */;

--
-- Dumping data for table `recipe`
--

LOCK TABLES `recipe` WRITE;
/*!40000 ALTER TABLE `recipe` DISABLE KEYS */;
INSERT INTO `recipe` VALUES (1,'Crème catalane','120g de sucre suffise par rapport au 250 de la recette','https://www.meilleurduchef.com/cgi/mdc/l/fr/recette/creme-catalane.html','1 litre de lait\n6 jaunes d\'œufs\n250 g de sucre en poudre\n50 g de Maïzena\n1 bâton de cannelle (facultatif)\n1/2 citron (zestes)\ncassonade','DESSERT','\0JFIF\0\0\0d\0d\0\0\0C\0\r	\n\n\r\n\r \' .)10.)-,3:J>36F7,-@WAFLNRSR2>ZaZP`JQRO\0C&&O5-5OOOOOOOOOOOOOOOOOOOOOOOOOOOOOOOOOOOOOOOOOOOOOOOOOO\0\0@\0\0\0\0\0\0\0\0\0\0\0\0\0\0\0\0\0\0\0\0\0\0\0\0\0\0\0\0\0\0\0\0/[T˂\r\rG9d(M<rִb 9\\D]Т8\n)5\rЪ`ph`0\\\'(9BؖV\\&)sdXDҎ]3i4#U0o*lJzp|,يծĽ򁨩ȦUT-5ZuZ64w`8XO:f$vU`ؗY0yzJ#\\!	(PA0BZK\"-\rO(8X<DJ-%U0\nqUJNɏc<Yֲ[&Il[j6mQ>X`\\!^Lh|%λGlfg׷Վzb0z3YӃ־jX<\\aDl`\rI_ԅOOGgJ(KVju/hDҦZ\"JW[gtTz*9~iyEV,H\ZwD+%>rܹE/MtOZC4b&l$+K\'68ͱn\n[|Rb\nutep._g]^UOge69yILƫy#IE%zT:\r)1\0.P1[+u9.FZrM\r@1cԬaXI\ZuĒeʨea&Z@wཥFkaU+L{TYlb@\rJDMlY2u0afs\0^^#g CG\r.yvo23DNΘOG(>s~	1FX7\Z\nj<:rSANG\')TGyQk)akϝ;}|Tx{u5ŕN-\ZgZrSjCA\na=H˟G3(0MW*nTQBoo~&F\05%A9{В̺YX{sIkJg,&ր|Ws1ifgЙ\n!L\\ȧb:&Zf5Jy7+sVqk\n}koE>cKID)uO-vÇ\0p<.ZٟIꂊ\\\\ӬZN/\ZEfb7Lγ6T	=KZۻj.g~4|\0	=R(lAnTjsdJq.i4q$J\ZP61Ђ2}-40\\\Z&gÐR$U̡\\k%h^&SQ2 !c8{8]\0ya400\0sǇ.L<\'9H)zk?1,4@Ԭ>\0DamoW0z\0\nGςr*mm ƴhVz&kLȋ95-8\r\" R|MM#5̒\ZdD2FD\"sжrb訜mNϞ{4p`p`/? IϢŘ؂Ā	_Bs`>LYj\nuϞ8_Cr8$A+`[bh(J\"՛ϣۣ.1r\nvkW@)Ҟ`H 60\r.KM,gmGDRDA6C~lp40Z=A>K <\0@jiP!$)elu8S͂$p,gPD+RL&xVCCShj\\K&#\0㚱,\rO\0C[tǙZRF°8A(d҉Qd=880XЈ5cO.IP]%\0(\0\0\0\0\0\0\0\0!1 \"A#02@B\0\0qQ\\R\'&GR\"̲U^r۩l19\\{M>Ǿӽ]2x$p#$\'dfr}	ɤ\0=Gbپ%؋)Fb\'[7\\lv#\\z5Ń+/}S/W$ٖw;\rnMhqȱ43\'8leۖLe\Z({%㭏wY4hhу͝ʏOOE1Z6o\"tl:.ȢY[6#7Z*k3O謧v:hnՍd!#!GrƐ\\2v6d-hW,#RB[\ZВXJ)P*%}EȲv&-13yrR%>~-~sD8,]oWdn<||yGdVt*iLvJˑ|ˏm?D>|w#̿FHx}\'H^Fd3?s.V(dxd8ДXq^i5~\0#Iؾ:_n/CHr+B{\\+sk*wއCSbxҨ{NݤvDÝPe]|(oO㵓h~,\Zf3S1E9SjS{{zNג:);myWU_ɏ<\rh]a̜zʥ+=?bKCnǑ\r;N+ȔUR_jc=_1%Tt/kMy\Z\'NY)Gz0MNHOGSM<yzUTy\Z|vlCю2V<$g;|5K2&Ѥ2,B7)(Jr_S\'㥵]Ϗ<uڧGMWlgտۏUVM?t*irĖhسY1^bsSsjv1a,uDꇴjeb^;؟SBJLkDe1\'=L0\"4vu|ȇƌ7ν<c2fǑ}+]ĩ6wr,ɏ\ZkRύ/LM\'˓|Rک:\Z.654MQNЮh>V>ݻQ%Gn2^k)˖n*Nq&*LxzJ4\0Tv;魿fپysuU<y:U)}$Yq3lٳ|68Yyqbkf:?h^\ZZ\rm#.>bxɌ9Lٳf͎k>Fo#.cJG.;JǓ<<t#F|̟#cy9mFHFٶ~ǱԎNƽ\Z\\qG%e㒳SbMf|v;zٴvGc|m6~OɋN\\1Sʠt}M#q4hסzfbܡVlC͋Nl=B\']6z4Zеu:}=!(PhyY=gfَF,>s>_2u.,*Cu4ٳZ4hbwUd+3g\0+\0\0\0\0\0\0 !1A0Q\"aq2@RB\0?ic/zh\Z!M.fhO(P_5ldeǭQ_FfZȺP1LJѢKDQEhQ_Fg\ZEFsGte)4Q(X9ٗbR!qDǤgc;ec>7m3`bQ[Q\ZfE]A	&\"4Q{|Uj_ǭcOE#Iy%%(#\'[(1uBD~3{2FEe;gl:V+jҊ+mi{kJֹ+HE45Z1|_ē1f#[RZ$PM\Z\'\Z\"XP߁t>^LR8F~W3y+K,~,f[i#	~EBD`\0coX0;QMq%(O[:<u.YQ9НfGm݊KV%\'T_$y1DCL\\\Z8W\"!cW:byrJ?f~E.XȕrF-9GJgiyO t!>9%m#47%~^klJ8b&a\0$z%sd\Z$i{D]Ghz$M?H|~Ͽ$K\Z/iBUQRTEק<xz&)\"\'N#5/~(8O*Fx\'~\0%.LQ^qOR\Z#,{%D	Wމf^G2/ċ&7~T!gF^EIS%L#/Ex,^˚^\Zљ%kJ+W\\1;$>u/\Z+JWE&22OJbV̋D[{%kHq1z^{%{egQrDL(ehSdbեW\Z޶/ooR>ȱnCS8%QǔFBziGEkEkEQE|cf%?#_zddYHɊLR3b;J#$dsEF(vQ؉GcvېK,ȴZh䢴/Eb`>?ߢP|Ei\0(\0\0\0\0\0\0\0\0 !01AQ\"@q2ar\0?/_z+NI=wq111>Ϧ`bE#gy6uNI22222ҵ!\Z]CfC܈$3!WjA,ev6d:@̉2	T.SJ^/JHH>Ϣe]t㋠ӥ^IGqYvfh#WT&L]v\'̣%tCh&NK~v֏W<]X*x1yt6DN:Z<	&x>Jjh]V.~p^Ez\Z&6\r~%NIKCxg\"(9&cqU1Tɺ>t\Z2*zFG}#Dx)BǣG2&Ds+VI<tSG\r[&>?}4Dy\'_/ugESH]I$}:XhUsȪCPT~0O?I	)boȑj\n+R5kLɊg*Gd`ڄ}ieM>s^٩\Z_E\'gd\ncB2|STRTՐshZ~F#۽HhM>SZ5̐bB/\Z;Ը)*?-{3WSi=\ZѡފR#CcVj\\=2WI;յTZ4n;Y9/&ZFh\"x  fDJ3%-${I$I$I$33\'h#I\'H1?\04\0\0\0\0\0\0\0\0!1 \"AQ02aq#@R3BbrP\0\0?z67˃t%JrӤרPOU\'TPjQNij^P]Ȓ5vk޽zHҴ]Ku*f*/GȪ7aʮ,9Wugju\"N>9wMąu*EUIҴ]AN58c\ndTK&Pb&l\'\'M%KWZ.\n%!T-YTbM9e(F9T!)C3xN!`:ZO6~۲hc,pD;!b[@ˤٕ#Tܦ0%Af2osxMN]첒ּHDɢ\0\'&Ctn+\n8)r\rjM\nxtC`ܬ`&캧[꟢lΚ]eJLBbe!#S8yYWX~B\"t~܇	l3XL)n\'`WhRYc\'<LvL.|!RO_~Rh@~j(ZB\r9AEdɮOz.aE>\\h%O&)2 oG4D{)0e7N,rpt-xp](.~RY沐}W@t{OئNefe,Qt9H,G7:\0gܶE/<1,ЯeJ`\\\05VT,mTI2\r5/)r\'kPw	STԤiS7MLG)6RR.z*AWLY,-\ry4qjsSmvI1SXf?Dl_D~J퍊Y\"SLCto81zCXnK$WMvU\"8%Yxw_2~0L{ecｳ2A!uCY꫊hHf1*fYCʯfBҥ?Mcc;1L2	[&SmTɣ̺>ke cd,RK4H)6SmMmTT]*S\\Ԇ-K%8vRf/\0(\0\0\0\0\0\0!1AQaq 0\0\0?!n\Z&Z;QʬCC6S%*[T!\'R#q\nFG!42b74&ؽOd#4*j\0&\0rs݉;ˬ9P#L;.0;x2\"̓7~Eږ܉_nNa	n-9\rVC N4	E\\ P`,F\rhNE\n۲5hA\Z$t.m==#$u9YR(tDazFb	ӂhчfZOqIf0tPZ6BP`12J&)p,sR6IA+bZΰZrI!sC\Z8iFwNO/JTFDw:Nv\Z܉JbR: r3aA΄-41 BB(Ȭ6Yt|	ܦ\"ǸOLWbG	#趕LEAz[Ŕ~CR6\0cw@{9B\nHFXr|BQG\"HZ\0Ucl#\"*4D|#rxZЯ_i/PR!>Yu7U1$͔!HH;$M>4==.ɓ͟v~Go#!<?(#!` h+AHE\rҁQtH,ě.\0\"}\"ݔ9r\"I\'BLYBS[<DIM{Z\0cj5,L.\"F K	\'+F\0$VXϒ*Rƅ,5yX]=ٺoMb(H<pDwv#h\ZcEµ1IĲ$6raTŚ\05ᝫH{#q4Ix(\ZY,VZ3)5ز{6Q\r|;&5lAѳ\'7eDC+g=!`LaAǲē\\7gcYld#j:\"NElI듬%cP̫\r3\n;PQT=͌Qo\"3RtRb@u͙EHԦr8s.SbxjXܮO\n	Rb-ˤPog>tbk92%yW8|O)ˁ#A!+\\P;2ZB:IXȐε{hN)\rP\'m(!p:M6?c:&2ySȿ\'P7&pILjQՔE5ND˧ɆVElhdն1gYM&7V&KrH,wP+%5\0͖3??ӶD,#/K\"ZM޹~UԄJ&\0fn$ME\n\"I<-I\\lO9-\'o8zRwdPB\r[\rB-HH-\0UJ\"<p$p7(*x$աhiJ9JÜ=WAʁgTO	_BL\'-ke(dsDS7V4pĻ@Tu,yڔHm7cu\n,ir<ͪ2$7d\rDcvA\r_}r!6`[qr?sʬJukqtRjJI(%KG,z@қ%C<ȿeBF^M1CXd9p04BНh:DCrA&iCE\":HI߁dZ\rA6e!6DUw&d/A%(3v;o~,[lS臧;\'LmYGٓ`zFV MF&^eK\"!	M&Oj/\"\"ihKYbb\"&X	!;B\08l;ٔe\0EDM#K\'(\ZrHr3iH:OCf& :XQ:.92OC/Ndm$\"(9ɸ+.raH5TK1&bMlrD=ٻV&^´Ea4BU>niN_K޲\Z?7wV5iM);[iCpE+AψbWAyMBn	g&\nDOp5V0.775\\p1PbN\rDJ/I2OȶU>U{%8>I̢_N	=\0BYs	npd1:`A50ߍs?hH\r \'0Tޓ7\n3䌟F6s?V3$\"DMJ$\')Y{Z$fG\r{*-<PzɔRBO\r6!9<HE*)\\,,RD[f_kH.\'Au#Ds\nr_#!s zxI2C$\\﷑0}²t >ILh.A(Oc4b̼	a4u^()ua!=A!-%njmCXxX0yjU!!F>%oF-*V{l5[Iw!<?G%17e,\'+a?\"N8\n!V9D_rKS*	3ĳ9*J3\"ga34aET%y{/d%\'&YYB:$\Z\'|c&3`NP(v$+#aC{ٖKq#pm^l-_\\AAH\Zd&6K1#|&oD95\0\0\0\0\0\0_F-f;tYBdUB w+fQ(h\n,v֡1+@#䅀x4m9N\0=V$aUɄ;~tK1*?R2@nl\"V- 	cw4,ȶ[42>t,0eQHL#,l\n\rv`\0b\0cZ\r5B9<ԸvDc\\}fVG|A0np/lZ9t;j \\g=RfYuחjJZdmR8Q5T`&F\06zxy\0{k}.osW^ߡf0p@<\n-ֳOGgX/`\"\ZX <iƩ9#` p>H^D?CDKM6@*9¿{h)/ʤͿ\0(\0\0\0\0\0\0!1AQ aqѱ0\0?Ckaqq}OL$\'9;z-Nzatp`M|/7I[.H[|/=˾lsZ!0XLͥŉLlx5X,@eצSSVM2B`OP$#\"|YgҶlc6Ex̈́)!O>o_SϨY}2#X.L/ճ+22r6YeͭN$p؄}8~0l&\"waW\"\nԏEg,,l͹˒7>\rhK{{WNvs{d`Z	tdg~%MX}_rLr>-)|>tIkK 8[wk\03-PW+ė6C,acss\0bZu c?\nqt3nX>m_i}ܞGCö́,s̓\"9sX8N0G<Y>བ˄x`j.q1s|)Cqm_pur \\$&?G==`O!__	,;=mh[]\rVdp [*zv4þLf~-`?Oܻw9źcgvZۉ<\'	$YEars$1,N*A1ׂ9]böYy`:9nLJN\'\0EAF\r<?Ս|l )1&mt	בBCpl\Zq&\0Xu\0Z\00nc?\0/:M@\Z^\0?0I00%]R\0x*xٯQ#\0%˞0GT\rİCm??hc@Q촵{cSx\074_e:๦r-\0!)\08\0K,=7jqQXX\0s;2^yUgkphY=x\0cjab{.GpG2wxbBɴuȗoO)9\\ɋQy̓y#YgwP?0$\"8/\0,9Bޫq6{EQǀ3n;xB:.lAiIߛL1(Y2;pKḬg#^۩lc/Ǎ#1O(i\0bw\0_k:wӒN֎ș_-/XYKCX:GM\\6{t6|wᇝf,-ݸh\'c$]Yfopþ7-Y}KW~.<ڝH>),nD<51a*ɿ/nm]z;onԠ*͹\'lhxPz;diW$>\\sWSVSpO=xy\"ZZZV@HMGHX\'呯rXGZu(nؘ|\\ZKg-zA&9opǹCܤ wܯS˜;:ZLy,t\\{dxv	~AY!a쏂7G-ԯ}\"or^n@bf[^)R\\7\'qR-l\\YdYeYg,2O1gV_\0&\0\0\0\0\0\0\0!1A Qaq0@\0?\'<3>	ŷVݖ?yfnXm\'%qod\0q^=Ĝ~\r%!0^aXD+\nI.ږk3{rYCD\'SImp6>@BaC\\ݟϸgE|ǃ/P\"\rhtZ.nmaN=ڛqC8KB	4OĜCo{ZI,;ogň˨9g`c;	luu܎5%wPpaɶٳ8fbx8x	!q\nq0+8-r.Wk$R͖xed-^\\0d	L{@$l=^*3<w#u$CrǸ[-Zڵڽ}[m	E5]+o0gR͇[1Xtl+{^H2.ll1S̗#32L!z>	{%]޼xMDM<AX nIh3\'!$ @(\ra\\\\,\0xA1usabidȫp\rR\Zl&\nK>QżăէFRJ	66^&3;v+$9slQݷ!_$`͔ErΠ:vWGjv\Zf.g		mĸ\0vgA\0{ޟX,H#$	C{?V\rn 7F5HS_D`0C>6g\'AcۧYB@qȹlfy<].!\"$jPCIYV-ǎ§V~Cȱ3\0dPW%(7V1Iq1L}pX_>׷	COdX\\g%g#̂r_y<#eԂvJ8[$[;=\\c0+8GzZ#P=R3mS,N=70`ۮ.5˝ĺ/91|Le^|{t؞02>;NfVrn_0Lexd2L6|s, aMԸ\r?&?+9x5=HlddD4qpӥZ3|4\ZOxgxvkgn\\߼1~3nldvMdJʾvZvC}I,˘[[Vd4><7`v=ͺ6oYyfA{>]n\\&\0:%}νv$,pBfoFիv>l~[dzK{pI)󭭭vfaK7lę8薝{p-\',N^NlЖ\0\'\0\0\0\0\0!1AQaq0\0\0? !Js&M2ĥu9a0@Mi32vCa^/R52P/\'O1BɋnϨ!,]d|-x\Z:+Τ`CcH[\rў+\ZU?~4\0\Ze\\|HJU~b1	9uODU68`aDnUy |Re:jd3<_Qq[	2kdeR>\n7PsdRL[u`^{G{m5\\p3=JOD/U\Z]HZ(T!˥.\0jP<505k	\\./Vft+ZxĖs.<FEэ\\[!P3tZIDǉgdd{&R6,Xc]_q?`f.R$#Sex4q#_8!BdMVv@ҩ>Qe|K\\)1]SC*ʳI}A_ \'^aΐ/5IfXRVy\" Rn2H073gOr	i8\0ۂE!8D><T	)Բb-a.e1Y}ǁ&%0ˉDJj0FZ0aTg#^H2r#lܥ0\0$g>,0}\\vr4榅ӟ R1<®֐3ܠ@	؟T}u5uҷ@ޮ\\{&hk3(ؿq9b1biL	w,ܬw1	X(28`Sq\",2W66v9߾NFceY&	qLVEfzsQvܼF6K{V`V\ZsļKL%B!Cee\ZJ59a\ZF\nA9N\na;3A=$[Sa.`^5,lIE}3+BSS\0J.E?sӏzTp|^YsPì01\\bPgvII8+рd=n~6#^ZJ$Ofo(7~l k0h^T&;z}LҾ8>ec}⻖f6ǤD[ ׳i,Ƕ9dc\\p%4~§vi	yMLтne-,\"SP>lĠ\0(ʘQx,0|C!8}0Т\'.k}\nOQ*¦:\001ƿ(B%\"pf9\0yhXsv5XioļYa@bx^) Jʕ m,|Ih|\ZJW4)B>no@baYy2zH3(uqWka<e\0)0J5)\ns\0ԭ\n3x0\00ea@*nn&\0JJ/ln_9}E/p\Zg\\89CborOTGhѠ j[\\C\0\'k\nW u>b7L-1xy 4$GQ6$6}Ai6<+0M&K-j\\)T8IT1-0(e?0/\rCaB&NBK0>=Un>ᛩѐ|OPH7-\\LjQoj*t1V|gO(3n헻`Q\\Q6_$IMa%d&jVGmXhO8FsN%O=l=QJզ\\Ŵõ䎰 ЅDrxk<eFlĶŰ5b0\n׆+Sh\r+ӷy,qQיҫ 6~a.DQu`٤|Ny:Gu+og\'=<ƒ#ujyeeK5	8l&Fih١y\\0Wx+1W>\"6A}joZ4PTB<ٿPMJqXuGpC%FC^9gg? u@ScTyBX98>f8%Z6[pN)_nPJSF0\\Ap\nbf\r+m,;[jXcV)U[2K4QvrE4IVZK\Z\nS^ |[16)Lq|TdЮV\nⳟԣb0.\00d\r,Ϳ [K\r;cloN%da})et EQݭr[0y-ΗyeKu%ֺľx,h{/3l.JG;->LCRQ\rUzTd3oB.naj1ʸ0y}K\0l\Zvv\0\0s1cՌ?¶-5x-,JPco3Ek鄡wn˾,Ԓ\0\0oD3@ jŦ@(\0.\0zjq%[Is**0U{f;{tК.\0z(LbR\\ޱʧe+8ģhiWKkZ唭1İ6\nsmsr=\rAy`6MxNιU(L&+\"*ZDUo\0֢Y-MwSm+yo}1^9&@-3\n1@10\nL!C\ZXj`2	p\ZMWPVLyQWG׈B#MG`z4Cķ#?S\0>Ab@ԟek­2bkOq@|UBfCE$[`U\0!㷙v)LdAC$	V\rj}x%v{<]aSs5bh$&_-i&*JR량S*rL|e\"35/$=0iŮӬARA;W8ڲ\'>,GI]n8\\bYh[uEͽ@vEkQR9zr}Oc@:\0ȮsG߸^9cgz<UH.5}`L\0\\\'az\\p@CgGO[,S`^%<J^]<^\n\09cЉoM48`e:CWoqSfq˲]Me\0z%ܪ	eEx!jxz{{XGOorigc\ZW[N.`Fm\0=/a,5UL5X}wm\"w\0FF˫v=˩+\n2k`2:9fȎ۹8=Ab8I^LyEt(F̺b3Uq&jۘmN+W6	t˻98m\Z)Mo.	;9!ź`\\aCyA-.#џ2:XL#cN\Z=UЗG.ߺn\"6s2xQw`d;ULRK|*XrGUj[\'xK/slcv qĭ<^e\0\Ze~h\"1ay0KDV\\ƌ	A-bw#NF*>Ky/^90\rh w,,x|1ǈ\Zh_.\0׈R!rB>:S/ӰD@<\" FI4\0G)rwP9S0`Q)LU\"@o.n[R-V-v:zwjZMo<CiNDl\"8n8+:ԢYLFL^MG׸3).uvN2L#\'J]|2C,W?0?R\0\"~	֟ut})︵0F\'efQb DS?19fp\'ǆ(ۦd/)Qrb+*%xt>G6tyYbz989kC{+-\rcB,_Gb:߂j9DW~D]RuE@#`bt;Iˤ¹˛w|wg/hna04-c`\0p~f4xi	~ \n<R.+\ZWU+N~\n0~6u>q_rդfCmJտ(NP̰9|TD~^\0)Ө4BT5L\08fQ#c\"vX7`> 57\nwtJm~c:8^~%$Y=⸈cZ1U|\\BJxJ1kJpXgG}J_.74*zFN,7xǛԠV]Q,pZ9!C[UUeh9K |7I&zH`\"t~e81ɘ+7\r]\\@:6P)}ˌ	ECTÏNgI\ru`\\^gRL2(#dҝx<@ZїV.kCrVr:Nq;|p9o/`S`v4[ՈR8-~hv>u2]{?]5Nv	@(!&8{D(z.;\\]c!h=1Mmӽư.QYIs#0\r1sB{Rz;b;5\0>$ǁlLS;uLz:e%CEqѿ;.1ַv','image/jpeg',4,30,1,5),(2,'Gnocchis fritti','Des gnocchis avec une pâte à pizza et de la tomate','https://www.meilleurduchef.com/cgi/mdc/l/fr/recette/gnocchi-fritti.html',NULL,'PLAT','\0JFIF\0\0\0d\0d\0\0\0C\0\r	\n\n\r\n\r \' .)10.)-,3:J>36F7,-@WAFLNRSR2>ZaZP`JQRO\0C&&O5-5OOOOOOOOOOOOOOOOOOOOOOOOOOOOOOOOOOOOOOOOOOOOOOOOOO\0\0@\0\0\Z\0\0\0\0\0\0\0\0\0\0\0\0\0\0\0\0\0\0\0\0\0\0\0\0\0\0\0\0\0\0g4.tbk##V	vQq)A*ʪ Rօvr]1X[5k\ZJԵ\\)\0*WaP3(zuq3taFeR\\k#.*ʂ2CQK,йJTnKTXF-\"h~.~M(hH4b̈E3Uk`ڂ@VZWvtl:x]ӟ;vד,7nO?hR	J(k!Z\n;-zV^3K%jgsیLV}-WkS\"sb!U1(#Ϩ\\~~58-FNnӿ?C~_]Ly_&YqVlŬs$`[άB`\n;q鹜1ãם1ի^~	D/$s\n.׎UHШNӡ/j~0Me;#|x{]oxoD鋷w/GC^\Zȋ)8RE;i\"=M4V%}\\=qӬ^3tyʾߎ5c.7קBTqعLK;oB;Dyw\r<uKN}9˞{W{et: \"^N,\\)^\nvKUX{wg~umͬ5FcWse]v#!*8g6˕vK3 ۗס,?gwnz9hƦjw32c۟oSɈC*gL Zu/|5SѳdϹ4&UM\n&5s9Vaw=omBEbQSq)Q{*33RȳQҷ:x,)x6f=΂2뗬qB6\0ZVtU	v#VJW@ޭg8L<OBk:vv33|w8<2v˕yǬ5^smo|u8\Zkc̝>Wͬ!pS;i̓-פϥs/L9:<;ky}*rw>nڷt7ǹX@O;5Qk@U(w\Z>^KןhYs?{)܊Ǧbt7k[߮XCrI -Dw;\nWoxs맟eXglrft組82[ J\\sכu±[s]\\L^VR3PSOA깂O=Ԋ/|@,ɮlRa^Wf|>&\0n>4ci::n\"0W@\0M\0@	{e\ns|;/sO^93Yzw$כ^3	8(I8Q*;qaBD%R\nv\"8zuwrQ_=,S[:ZJ!Fad2\ZB!HH6\"C!Tӕei׿XB!B%@NL\\@VEe LKl!B(G*h&.3P+5o@̣NTu+)y5VXB!gh3iWFɫ$]U-ΔR,	 A!Z0v\nęF\nܴHbRJHC5*Q\n\0h(\nҚqKQ@`E+!a\0)\0\0\0\0\0\0\0!\"1 A20#3B4\0\0}SpM8fiw!\'|pDE[026f!賀\'jv)#0gv,7T9e~q+mq	-Z\n<h7\0iį[9i,yl?{Cg66-3<OnzbQXc-rfTŎsVrg&\':Դ]V該[\0`c5LIoa\'롙$B`x\ZA\rJǹUw%76Htf5?@FZv4FXK!]J?:itFȊyJr<Q\"SĴ驭܍-%n\r]?85\Z53맨nwKusQjDCr(po_6q-ܻM!39 o$G cvi{jm90ع$l,6X1jnF7r%uB3\Z[!9L<!2@jT}/ukvcjfHmMkuDx+}pGWEuHrt?\r.flOqJ\0CۃLJST5 {pVܭjF\\5a~%{ՓjSǨFEka31Ӹ/wh+zjFֻ+qe͝ll6֮HʁZ?30aN0,]H\nف	EX\\\"wnO373Z&\\\0aP28HBr>xLCwwO\0tՃ)ڞܮaZngYDz\'s,UTʛgO<M+ANpc3ӝ/Kk;D>0m|WF`{$E*e0R|.wr`U\0_\"Qf\0!2U#\r͑F-0Z0VRS=?t\06)*0\0|L	q3MgkQАck=fsNbc-k20\0p2ď-@\"v|TA7MIe;HΡ\n!{ccĶ&βܘ0et,/&1p&[Ѫeˊfe̉KӅBQ_v>\Zә^kl2;llt?jWbؿp7v\Z\'Sb\n3YQu-^,뵄=_,> 	a\\	J3MG5n+4|־8l 8f4qUeM6-[id\0iWbWjl+\nEݺh	>c><}!VD$E5i0O%uFj)xTӉbQC;tV&Ѻϸ`zoc\Zt+\0[T!HF̊\"\ZN8={.O]5mS1&5?\Z=6FSH.\r\n+A#Heu֊p\0c\0!m5m5@X|,kRsbb0g?\"}Muى-qݝ;tMyn9]Ev-\0]1zsKjbA{D<$5zG٫Q:db>䑐x\rĭ6Ջw&%TV0?BW,p{hl\'jy=u&g9PKd\0Qwafk:Xߑ\\:_c@:ba=rrBnX韇9RvM٘\0AԯSj\'5\'<Ͽ\00\0\0\0\0\0\0\0!1 0AQ\"2@a#BPq3R`\0?W~:Wu޼?nߒ$F^%!NDt̸W^ѦiHsDyznC&\\KJ..xI	lиߩU(/Ϯ.ZzĉH{pE_2s&=k<D<hݕo\rG>3Q~rF8떓\'LG=5!%;YaFZ9F%\'7b/	ݎN%{_w	v~mț^[pdϮ:E*{-1CT.-2M5b|6U7\"ͻ)Rd7zNLoB:BvBC{2xwi[ɏPM\rVE2%&-#kPF$SÉGw7g-Cu!1dאWKV<X:>j1s5zvd1##D\'Y}?1hwF~ok»9ZCs\0YW\\Hݘ(u,rrK璨mɆO:393sz.5\n^q^q\\y?oD$H4;2\\oί\'\"ka!&1෿nYڨQ$%YTBqwglWY?sO+I({3NK5k\'$!87	S\\aID&L}ҽdtCrL{!_%{&]JxI.D^\Z?wO\0&\0dljVBؽ#׸װ̗5ze+?B,]i1ճfEciA!2}(Iz+Z-){\ZܟO}/Ⱥu|(pƟGHoܖEl1̪#QV&&m#|O^n9HD1$ʊ5sR7]ۑ]Fx7w[c֚x$5cȑK}>nя\0GܗQ9_hE݉[쌎5]DrnOs\'8iŮ,˗Vކ̪~+6?C.\"YK+f\\=~Q(D\0w\0SKj+eV_5\06W\0)\0\0\0\0\0\0\0\0\0!1 @AQ0\"2Pa`qB\0?+Biq!}X)Q)2Ǎ;={ݑsy<\r/ؾJaKI\nq՘~诞RdqS+XɱV$QT&MOɫ,5*qe!IxFi芴J`ﰣCy9Dr9>\rЋF$ч:X44a{<?ٚ-EϑНɉp?#R[QbVtU#kyaqbŸi\\\r\"BY\0qi0YD$%--adi$:u:;efT-/cYW_&/krKmj,炊(\Z1n;u6p7\\؄OaN_b&j,rO*>lS\"<.:*zXIjec^L5&Cb/}o-lYPddy$i#k<>ɪ7VPJ%dYDM\nIB/}3jǇ\n,%fO6!.3I],\\w2PEM:c~QmJ\Z­\"P/,48@~\r\Z}|k\06\0\0\0\0\0\0!1AQ\"a 2q0BR#b@\0\0?-GX/Ŵ]:[az\'ca\n U6bƢoH}5akBYVr15N:}%^Z&<Ulܙj^*uR.g^~~&|>aU.owJoAG0JO|û7N,*Y.|6ߘ)6/cUTE:>:\\]4E*D/dMz培lh\"UI\n1qU|6 Dvö9ۄ2ƾdU~jEǩK~W.W}f3K6h;h^̽Ө톘tFnYa|Ku!:;Y*u	o5N5,[+IYZy~!VNiDOC2Obj\0iٖ	jS5_#Xm	\'U4Gۓ[\nnoEZ\"!>\'aTe]-X[hR5ľ/Vr:Gr)j2dW-KijA\Z-hYMu.Xw3D\\r\"\r;!%pE%9_\0bY\'U^\0\"%$]Ĵ?r_nM(P	|s9KHWLS=ȵ1*\'V:\'}qNawV#:OC؅%#kI\Z*J/_FMT{~UL\0\Z?3RϾfSJham\"G~s.XTEc:E/L-̝*X$Y4U/2Xiv5.Dl+Ijznh7k.1umQUOwb+QMuibr(XwOlkK톥T0̵|94ԄEPfM9tEɋDOb+jE\'\n|;ZK򑬢\\{a5;JܾCADգ%xa7RM3QICYlp:\"е?S.K@t~GJ(lO?:=톾[ටOFM[lOs7ՙW͊/;6\"=Mqǖlj;Rе3է ^*+slgNҭy?F)\'qA4رSr)3оgqrU3SKt?u]vj[Кp񗡑U^u{Iђcs}WcԚWl\'xdYtHSE>:k䙇Ҕnu9lU_T&~G1aOڬnJ:pZƫW}ss{;=te-pIm*\ZU7Kr*R6CBa):&NS.ȺXwr;qs34M/,jUN\0-MJ_M.WsNkKVժ\'g/M9Ebl8.$GWYo\rrh\'@%4ثE_S1q|t:vH3N|n;GREӪ4,pUUN}*D2u?3YφYX9Nej4OSQ*]+/T2\\W5!l+;}+I\"SUN13mag|\\NMgT|i/4ݗK[˦aY	ld×Af¥]3ӟchzsOyfZԠSVMbwfv\Z4kǡkm_2u/Z[Ú[%$Dxyl53*~\\jړ5f1:<,Mkx:\nП%mw\\\0߂n\'ö\nʺ1?!GKК\Zw.Qbp^C\'2S*q9mkQ.KS&Ƶpu>q\'A-EiW}x>t~g z-eR2)rf*zaRDR5\"p8=ǗRo=*3W<)ri|cg?feDEZ;4Jvx#X&H\0)\0\0\0\0\0!1AQaq 0@\0\0?!Nq8ʲcN)ᘴYR\\(9V2שt(iC3MMCl%+Hї%o;`q{@^Cj4:`Q\0ܻs}́4Fy>9\r}(q>ղL1h$g~KߦPϘd.+a\nRvIM\ngewn|\\mXq*WVAE4m[oAQ\0ͿWк4k\02Z=+ns#OL|B2`Y1ǈD.eCn0Z.xXDٶdPm8q#\nV)1,uL0l3!V̼˭:TWS*q%3h=x5xKq\nm\\_1=p90p:$FC	υ7ÈM5(GeG%Dk1|hg80 ..OKxj\\V.k[xV{0HFC\n=-0e\n:fdLSt\"o7rR.CY)F(#,5\'HAlJ tJf\Z4.DU[gPJʟ% QCvU23fSӉSV3;ȃҊ5Π&8	BSubU1l^9,p5\Z\\ʙ;gI~ea@jY.,;6A\Z7\rFF i0̢k+o1<b\\u1)r,2YGI)\n|2-dQxE~0FWy9av+P^%,\Z\0=`n,eiqi^#UqZWRӵj-UN kSK]2cC&p[H~ -SA]L:;,5\\Fǳ\\̲X\0,_.*fI[LK-,8Wr(2~\0s,o8ӵ3Z䪀xT{Ӊ$GC8hb)Q7@^z/R\'o\'xn\"j͌>ØҬj`M@rE8p,\0gBU?~;\rK(^(kI܄́N|u_qP\\hE,uz]é^.HJr6M/N<UZ1,P,%v54\0P?%L}D\\+#TvB(XJ\0Yo\rEEfIUKA*\0>r˕lU_]J&B,9<G/ғk$6*J(c/\nNiq|Dx=A\Z:\Zyc/7_Iچ\'E0m@K?$,@Vvx<ͅQǨÉм\0糫\n5+A$\nY_BW&z\Z}+X]bX`|B} \\{glNo@Bo0bO\0k,ǙyԷlR#5))@YWH<L׸AˮywJnU)+%p`?!t2ѹNL_%(ŤwE1ТOK#+e.P]nTP\0V\'VSuma*TNTOɔy.OykS\rkyZ)NZ}bLhm<Q	5L$Xi\Z?3^X x ?(9q@u4@U\\\0c&c\0\'.bc;U֠~H^yUy2\0\nKQ@-\n?_8q&C@(H+A\r՛tKJKЖ(GU\ZsjvU[jl=n	AsQ\nydsLԪ*#8y,+kmFj19cfPy{DOCX(\"R31r}a4	\nl|-%nUsd3\Zn\"T񘮷Wrl\\D׵|+%V7ߴ{^bZ/6y!I`x\0U<ñbu,dX3:h/U7g:֞>h:&@\rSAy?yYD/)SW_1\0j%2U@J[mTܶq*e`cZV:Gs;oj#_pr??V/Cl^51E [hv)nxW&f(iIgJ}ꝏ|73=L9se>@f>H\ra\0(ѭ)QB2^,A$5M3h }eό5V8 u!.>U6J,Pgk^fS!m3Yf۩cOvH+	J\rTYF_F\ZU4cέEp)F	=)-ygJr7\\]4\0`+nC? V| RuێFmN6)-u.P*Uko1Txs,2ΩԥKk%Gm+GQV%p&?(bO]}zgYu&q[:ϨT̸NS!\Za:[Va\\%	GsL\\J5=VeA5N3KNV_7.8 ٜx9YZ:\'k1f2e;ݏIicdCPsW/*\rؑ^*1/0K˙lY&P#bhMep9^wV&C0*3QLPlf`_qM6=7UԪ5uh%$x?hX\rn8[X8\0EV6\\06a\0e p\rXǞ>e	gEJ#Y<<fd\0jRT2HԮ^ЌXI}.%&0~%wuQ	j\0/MYC҆꽢8\\h>`mp\\\\x9js(ygܱ]nuF{_up\0C1Q&epvٟ3\Z\\A2`~\nH+ l4naYwgYK6\0Si<\nLDn__GGef4Z2X ωN?2]\"2h%w-%ЮlCz<¯?TSvNz^£ɞ4+s.ifC1іT_#BYOE6|NE<R .s&[j[\Zi(偲n<6}>%Zs~\\v,r<ۖpqzo0\0M(&q\0JDc \0~~3mxU]G5,]3yVE_6_eu6U+847)f4˅ k\\M9¶\0ҥ`o~e/עdQn.{Ǌ\\+-Ogr]Kp3Ya8bir163\ZS~pl\0Ac\nGݖU̡+\ZZ񷎥NԼ\'+ps0*#@.4sL1>/%<Y\\VxZ(\njm0\Z׷/\0[;o+hfQY=],spϗĸY+2%\\SfVb\n`@\ZQm7c *h[ψP:C}(\0Uw.e&\"l@{]ڪϧ^ aYn+8\Znf>_fJjl52^>*|B|N%k2e	o\niLD^!Dp/qBK*|\0\rһMW#C8E-@7rʐxpib\nj?<CwuULm#ΥF\"Ep=J(86d@~2.`׾|KrzCu˻}`l&\n7.)p`sfBm!Y`Le.Kg<g:\'ĸFxCY>ؘN 0c^9𚋖2t$JB\0\0\0\0\0\0cNϺLY]܂r[?kRu7,;ۨK1I	\rqBqs\'O+HEi6_E\0m9$dɏscH!Dd%q!(hYxcZmA.(oQ}gx\0U,9J$C\0WI:\0?6z/`\0Aqx1cw@0\0ͦ{dMLh\0 #QuM\08K=󰊢Se\09wRW\0\0w=`q·U\0V3\0 Z[\0 YJnv!@\0i$\0QA\0	5mp\0	\nQ`?H8\0\0\0e\n@#ڄ@\0\0\0\0[y\0\0\0\0Fհ̕lT\0\0釲η\\,_ẖbe7	n4!/E\0)\0\0\0\0\0!1A Qa0q@\0?v-n8^y,;ytt9vpl̅YKvwӥb]$Y76g9{H,_2@,,;2İ&vLe\rdMklfuYrU;*\'F3%uz9<dIUY2nym[\'ͿkV7\0V.㿹\'yxv-\0	ud\r\"-߃ߒ߼l-a~`Xlauľc\0}\\݅101ǐ?k\\z|?x<xE-<1&ñK\'O0,\0Hh9tLn?#Ț\"ƛ%2+HXMռ?/g^$\Z7O0~mc//6ǟSpyce	DᐰAzYH:XLC[\0X#\njhO,c	#2d	Gǂ3ܯ5ߗ)_<D-I\"]D\"{9 6)v	,!\0+Ȟ~^$hw3oqg7vό>#HВx}5{]z`PxVA\ZǫvճUWIe̸ylYBfc!xȮe8F샧YObK;2eʑc&3	iϨٖܒ@vV9286Vj$\"Q:oW	P	rs@2lrdF\r<ig><>Lb1Lw;0@r\\0n6 W;(u6:`M͸/?GKaHEad|g6Mٌ; WayH>7w6%vί09\\CD~!e&K aiHi<lFAt$tX8̡~?7GB%CNš. vm3祗 ;ńIkǹ\Z`-\n(KHcUsx_$dnqߨ[Coxc@߇]8rϴ ~(GNHS܅3\"v\0Ѓ#1}2bOR):ȍb;ٍ<X[	c\nLHx\0{_\'Ѷy -X\0ܝ\0\0DJPCZ\rz#DfO>=<>ٶHG\rAg?\nϳbJ8mrFՃ8\'>	Ca8 4\'_7#Z&=\0/wǞO!7=@anf\\,n0W\0 <7{3ƽqyA2=	_.>̑g~b;Y+nvgXY3yx@6K\\P\n_~q&\'E =\'a\\LZ}-Xqxʰih x\\N7r\n(!\'Sb	Xݻ^I	᳜}_2l\\0޼Zf؀,.=$H:s>}di-ml\0~-_v\"ͲK3>[y?Hk\0#_.{/ɇ{\0͘[ynX\\	P!`aPo,>yyd<>}ߤ\0Z,sP{o>\'>$OfHD.ij|dN}]#ѿlR^=vm\0!\0\0\0\0\0! 1AQ0aq@\0?\0\0e1˞XsٶgYg۞7l`Y{,nzv/mgiY,C3lB燶Ye$x7nYn@soܴ|k0genBűyJ.bMpdYwă^Z~>5)\0<\ZDĎ@N|R~[1E	Qbccb\"[/qAђg4-`\'D_3#\0g<|۷HۧnՕp\r[Ӑa>p|rY|O D {n\\qg,49,W!\0%.BaO]n\0,F>Y|FȠF|!dM)C01!i`?$D=S<|mg|<s>Ā`\Zc%u$̍[\\A{^0RZc=\\nl<cJ4B޶ߖA:,#c`;n>;D*qkCnB|M;X[j62P\0D>YW-Г_nNFɶ%S?|ep$KG,B@Z_\r5rs \0gatbz\r+athmSq\'Bm\0[7r6a9|&|\n1칙<D.hQ{9g4`5rɠxhhKre_;fpo# ϰ!	KC\r;>2[wRSǤd/	\'ۍow	ar\\9 \"geķlaZF~(A@?Og3	o6bF?NeH^Pivi5cN7_//rZIزNrӍB$I}bɦd{Z5ސg!q9\Z\0}7ն ᳏}l)nZ|\\q(9aC/ϗϒd/g]~vٲ|_L,?:̾<aG#k=7.6,_A\"jԐupi+#Xz.o#[aYFu<m%,\rk.<3\'&<gd\0\n_d|\0Wc}w|=5|\0]{q獶=7\'HgL۟۟C/yrGx<!{swzk͇-!,\0)\0\0\0\0!\01AQaq 0@\0\0?\0߼ەp:?L%&ׯx$ęe\0&#SˇI^Y⺨4p%$^#jw5#9\n!Rõ%d%B3Wu;~#ME/cdQW^5IeWQdu%~&\"5p fM\05)7|shY)W2ȡO&\n\'GÛل#B!]\0&\\@dEz,2\\Ic([ `{V\"YnH#qШ|D/HTvE@9	?ABOr;:ϜL\r!=d\08#\\@%v!Y$4\\^1(RBD\n7>+&Dv^1.C\0t(	xXqJ11&\"	qg}KY7U_XAR!@7IƠ\")Ge!\'(в F񐤋׏J^g-^vHx@VhP/QԃdI?cbUMG\0H\"yFP4>6Yo;a I0DQz%]\Zk-\\3%QڼK«e\nTRbb\\ȉоrI mg~Zc&(ּ`GG\n1Ox)Hnߌ\n@WF GDU.W \n}:[I=wexӐ[v:ó/d`QH^2͇LFk@tܕ%JfI]>cI ˡ ??|\\}>Xӎ|.8\0M6Փcz\"PD/p\"AG8kJ!\0|OIvCk)@ڱ%& @F`HGX\r\\>v؉E>FK\'7x&fh׊b\reZ6z4A|a6>HfDxI3Yg[&E*M\0iN]&BOb\nn\0\")$HwK&&#	)>|.$ʍtgj ypmݙD x7YqX<dd5\rtbϟ{BCM@^BYL0Hȁ()tݶ\rM4D/^k_P;v.ʢK}DZzQ$=<bZc5_|%(n\Z\0QHW~g3$r0B\0jcd͇~q/#h1M\r?a˭{Hԑ\r}gWrO\0ҧ&X̜߬Iz$z_@*HRf\n;ŏ?k*EGq.\r!Ct5ĠQ/\Zt)ZU,bFOS#_;1;Wc7mz//Kdx\'\nO103HhCᰉi_^=Lh258\Z{\rFR/#+/96ך0PT>duzSq{NoD$	BXO6R>j68O	l+A25Z~0Sldpt8AL&Ev{|a1^|($١1ӈEkַOG)\") \Z q^	o1X(f\'! o<!SoyUoO*?\0ښI>uc^8OyI\0A($Q@)3]\0D-+C5<X Ě9Ԫs0u^!O1NT׹dxRo乕S	$Ͽ.48hO!RGXғG\Z,2\nǜȳKg\"0R\"K\r!ېB`\rrP#1hd3|g\\~.짩!/T\noJH:C噲vSRId]ǄFOiE<8<Ѝ@-YY2N\0D*VJ ݿߦs4\ZAj(cRo\0C\r\'t@z\0zvRځflM|`elT>*Qsqdn8418B{;D^^uq<J?3tDqj|m:TɼwY!%\"\"\0 -vٕ9N\0MX*R>eO1lv|r̘v%̴gOKpAC䐤Rz*\0\0\";#,Bk*#%-	O\\dػ_6h F10~-{7	($CcT|υYLm	D:EZmM*A=blS9>+LyĂ$7n\0$،p~b\0@cʠ2<SDD˳dHדxFܤ)6=6NV|KҊ\ZYlJw*͉ZCL!kAx:4לƣ\0Dx\'9F1\"%N\0XWy#Q\Z؈zdZ5$\0CΗ\r#|\rF@	OJ/t~E\Zy산0	VH`ЦC7B/xJhFs#6/\\G+hח\"=d:ydbrǱ&i\ZFex 4!ER\0P\Z9\08I*^rUSvI˄TUw	N+*6O!)\nPQ-4bxa\nKOY&)0-o	\0bԻ\\x/ń#wHJoJ:|cPD8. O/17RǏYR;WùíCi&E#?0\nR`Y\Z=vz\0yŚy:\0qY4A9b	I\0:m\\(xqq*A<<I->y@A`ό5t_\"rD{⑒BԒ*AWڙ,<	y&C82F!a&m	f\r:»S.XPa\'DgV\"$$L.F4~1tY(fykcЦNȯ!exEF재̖?BmdI\Zm/x-ˀd\0pgt\0$ q	#E 퇐2xz#P3S:}obI	.-X0&(bV*<5(59&A0޷\Z@i&#6l\0\0z`PPdIܝ~pV_Gi&R]i񍹤xv:O\\X&Q$6\n\0)6H|-a4%H?啱-d\Z&`~fCh]+ٳnHPxG\03ܫs%nJjc߳$(Y?_R8||ti\ZD;}(`{\04T1}\"$;7\0qZ*jaiЬN[\Zр%[g9a0p~V\'Y18&Q^<-TyNlG=z	X Kp8TL$cM.)4`LnyH*AuɁj; aF>V\0U	D7H3LL\Z\'[&Q\ntrBQM:}w}daЌ[>Lχ ̺zCLoLmBl|Ŏtw C2)Hj-& @\0G{*<Z!tA\'z\r4^x)\"M&doc;OrZBIM,hXTc+\Z\0prR`2ucgXxUC03F;l;?!6~1y^Z0M.|dm*:mNǽdh%߇<xiqAz^|6c(NIm\0\"LI$ݱۍoљt\\!׿^ga*RxD0MJy$|2>\0NIXYfl{664*\0M2C;Hx$t3**1bg8`	i&ӨKX|t!-Kb\\f0Pq@\nlJȐyJ|\r	h:)_l]X1Ԧ<KOɪEr[B\nvy3ZC˷M_0%Th3j#Q0*p\0o\rFKP8s=<V5>O80$DO 	%c%z2 &Dyj0D< x)epd;JGdyH9G)BI7\\*<n8&]QIPu%hr}\Z>j\Z_bT\0h?Jŏ`de%xo6Q {ˠYEoӌljD_(X|ᰐqGk!(\0FǼ4Y<\Za<j®ֱ2\'CΜrpOgA2fCMU)p?7Bp\03$YDxe*z\Z_DB06\niG{xSHp5I8z2܉u<\'d?0:rf Qj4\r,HfѤ\rWACa%t!/7~?\0E@EP*fU9/\Z&%.yuh2\n,\\+U@Gǧ\n>c쳌%4{LO\'`\nL`Iџ8hv<?8:\rIqǚ^8(W,)#CPwEG\0\\\0жY\r\n%\"%eY?05:,#Ì@P#\\b79tR@?xPbKaG֜dmǰh\")d>R\'94.#DQ[0\r<_Գ86uNw ah/_\"C$㳼<8|8d\nYȏ S2y>H0HؔlFU`bHb\0: Qр%\"O^S5W e#SA;\"Wd?HA-U&;S>uEFɍ¤4QG\n	\r#\nUIrIp,\"EcR80DQ<xIRm5\Zg\".9_\\D53=6H.gp\"bAXǀAV0\"ϧxhKÏ9A0ůmeU\\$dGy$\0ջy(pGKx=Dk\0![yGX2\"*F_iȯ$~0ذ˵o8a\'B2\"@|i!Gq.@yE	%.\0-kF5Vˍ\"C`RHA	\nbNY*c kneWۚ;ND\"E#*cDĂeI`G\0HFԕ=IGWsBtr*F_Y,`\0\"1o)Vawx.>rA49Bβĥ\0̚\0dۼQ؟Ef/cp\0h=hɨE)ѵzz\0U¹YAX5a%Ba~*\'@`@=x@DPD\'d*XCm\n-a\0\\_x ?qM\"N\n$99P|\Zj0^)>01*h%;0GR!pIh3s._\'T.\'VvDs4rfشFy054\'E\0.7-`[$\'_#$icg8+Jhw7Yeڟd n\0a=\0=9;\'P}7x>p\0Ҿ+*YL\'<E7 IbQHbnc`%YùF$I3\n^9\0AJc^lW|X/~\\&MgSYn,_8c_	ē,Z>S\0%¥ë#\\dH$	:5ڑY5Mq5%|9ei<}qcR2>;JW|&:\'%wk#5^)tmdY~5d\05_\Z#4	ּaWl2 {pO\'?9\ZD:<fH_;Nd	8 &\0ҜO=:%K<	d\\VTEH\0`\ZʨdJi?mɰ7ip\"\0?!\"V/,kX6HͨQdBS!M/;1>\0!	#9G\0+Y,OWQx޲<5A)\0aT8145wS/-:%=nD<pt\rsc&Lɲyd?JbΌGBe?#9C&KA8>65_ɋ6	&V*\\\\3d\ZM\"g\r(zf:|s9LIBbҕ	}V\"\'ha& ) 1UEOP?|IPsfƕ/\0hT{F$:#.1ۧ)\0h<Q|\Z\\+72gL&Cu\0t~5hC?!;0~1!PY>fN[n[C\0{Kʶӹo7zH%9-^$T\"K\nmq\'AASoP}$~h&z,co\"Cp(v<y¸\'=p\0F*t<82\\AOS/]>o [/sX\rbZI<CVX3EKGm<HQ\ZGCɁoj?=cHbMOP?$<JnONɁ^?*u\r6*rC*o8t<ʜ(?Y};:8CN\"@t%qw\"(K_q9G8\"m0\0#po	`sy)o\0:x>2cY!k9`C2)r:$m2Q9Iayp//UF?\Zf엘y5[Y2Vb~d\00lμw $jLF\"c=a|j@-KP:g6&u,=G&; Q|w DK\0Z4}Lm(DLƦ1nڍ/taGAx\nIJ$arP6Nxi&,)Mop)$0z\0:8gbq/kC6 X&l>wm&q$ݟ\ZG󈃦b.d+cM$\"-y\n3fFzHSt͜P%iM9=cA.&r\0KC)~0S\r:W_kIW(Ah &UrRq8k\'FC`+N&Y6	\0ĶFx(rʁ-,\ZrMs@Z~0$w}qxfLp񆉠)b\02	xY2515*I0OC$d]7yY1wd3F#&<݉0kzJ[5?20kbB\0X\"PUv1B01=$#jBj߲>]C~d\Zw> 3','image/jpeg',3,NULL,NULL,NULL);
/*!40000 ALTER TABLE `recipe` ENABLE KEYS */;
UNLOCK TABLES;

--
-- Table structure for table `wine`
--

DROP TABLE IF EXISTS `wine`;
/*!40101 SET @saved_cs_client     = @@character_set_client */;
/*!40101 SET character_set_client = utf8 */;
CREATE TABLE `wine` (
  `id` bigint(20) NOT NULL AUTO_INCREMENT,
  `name` varchar(255) NOT NULL,
  `appellation` varchar(255) DEFAULT NULL,
  `year` int(11) DEFAULT NULL,
  `type_of_wine` varchar(255) DEFAULT NULL,
  `price` double DEFAULT NULL,
  `stock` int(11) DEFAULT NULL,
  `note` int(11) DEFAULT NULL,
  `comment` varchar(255) DEFAULT NULL,
  `image` longblob,
  `image_content_type` varchar(255) DEFAULT NULL,
  `country` varchar(255) DEFAULT NULL,
  PRIMARY KEY (`id`)
) ENGINE=InnoDB;
/*!40101 SET character_set_client = @saved_cs_client */;

--
-- Dumping data for table `wine`
--

LOCK TABLES `wine` WRITE;
/*!40000 ALTER TABLE `wine` DISABLE KEYS */;
/*!40000 ALTER TABLE `wine` ENABLE KEYS */;
UNLOCK TABLES;

--
-- Table structure for table `wine_tasting`
--

DROP TABLE IF EXISTS `wine_tasting`;
/*!40101 SET @saved_cs_client     = @@character_set_client */;
/*!40101 SET character_set_client = utf8 */;
CREATE TABLE `wine_tasting` (
  `id` bigint(20) NOT NULL AUTO_INCREMENT,
  `date` timestamp NULL,
  `note` int(11) DEFAULT NULL,
  `comment` varchar(255) DEFAULT NULL,
  `wine_id` bigint(20) DEFAULT NULL,
  PRIMARY KEY (`id`),
  KEY `fk_winetasting_wine_id` (`wine_id`),
  CONSTRAINT `fk_winetasting_wine_id` FOREIGN KEY (`wine_id`) REFERENCES `wine` (`id`)
) ENGINE=InnoDB;
/*!40101 SET character_set_client = @saved_cs_client */;

--
-- Dumping data for table `wine_tasting`
--

LOCK TABLES `wine_tasting` WRITE;
/*!40000 ALTER TABLE `wine_tasting` DISABLE KEYS */;
/*!40000 ALTER TABLE `wine_tasting` ENABLE KEYS */;
UNLOCK TABLES;
/*!40103 SET TIME_ZONE=@OLD_TIME_ZONE */;

/*!40101 SET SQL_MODE=@OLD_SQL_MODE */;
/*!40014 SET FOREIGN_KEY_CHECKS=@OLD_FOREIGN_KEY_CHECKS */;
/*!40014 SET UNIQUE_CHECKS=@OLD_UNIQUE_CHECKS */;
/*!40101 SET CHARACTER_SET_CLIENT=@OLD_CHARACTER_SET_CLIENT */;
/*!40101 SET CHARACTER_SET_RESULTS=@OLD_CHARACTER_SET_RESULTS */;
/*!40101 SET COLLATION_CONNECTION=@OLD_COLLATION_CONNECTION */;
/*!40111 SET SQL_NOTES=@OLD_SQL_NOTES */;

-- Dump completed on 2016-08-02 23:23:51
